key,input_height,input_width,output_height,output_width,size_group,psnr,ssim,inference_time_ms
000005,128,128,256,256,128x128_to_256x256,26.312806183728323,0.5868832303211652,11.016300000846968
000013,128,128,256,256,128x128_to_256x256,18.95520490296836,0.2287132985470593,0.15050000001792796
000041,128,128,256,256,128x128_to_256x256,23.1007036904918,0.7737241709311029,0.1467000001866836
000042,128,128,256,256,128x128_to_256x256,21.668457103551894,0.7479228022900677,0.13480000052368268
000049,128,128,256,256,128x128_to_256x256,16.164903957124512,0.279313145496595,0.14969999938330147
000052,128,128,256,256,128x128_to_256x256,20.79359292645517,0.2784617196792415,0.5225000004429603
000054,128,128,256,256,128x128_to_256x256,22.987204491099998,0.6295949958998281,0.20819999917875975
000058,128,128,256,256,128x128_to_256x256,23.702542817036555,0.37713037477914035,0.14240000018617138
000063,128,128,256,256,128x128_to_256x256,22.422822921936568,0.3292916540290129,0.13789999866276048
000065,128,128,256,256,128x128_to_256x256,23.094208579739096,0.5282695851288914,0.19669999892357737
000076,128,128,256,256,128x128_to_256x256,25.43825000774275,0.6323636144848118,0.18230000023322646
000081,128,128,256,256,128x128_to_256x256,24.463207875602706,0.6980326949153067,0.17180000031657983
000089,128,128,256,256,128x128_to_256x256,22.228373325896644,0.5059158248936065,0.1661000005697133
000093,128,128,256,256,128x128_to_256x256,30.3068905023412,0.7243946016994678,0.2158999996026978
000095,128,128,256,256,128x128_to_256x256,30.555775276044983,0.7365347619359088,0.20290000065870117
000105,128,128,256,256,128x128_to_256x256,26.627170368501204,0.7931759004023917,0.1573999998072395
000118,128,128,256,256,128x128_to_256x256,24.053135006170344,0.6551503866749215,0.15890000031504314
000149,128,128,256,256,128x128_to_256x256,22.068603669782092,0.30420152339752365,0.1460999992559664
000160,128,128,256,256,128x128_to_256x256,26.459547946293583,0.7782215370307143,0.1453000004403293
000161,128,128,256,256,128x128_to_256x256,25.376340929579264,0.7401689092529574,0.14349999946716707
000162,128,128,256,256,128x128_to_256x256,24.765692001959366,0.737770801049242,0.14430000010179356
000167,128,128,256,256,128x128_to_256x256,23.52795023783981,0.4968330773220013,0.14759999976377003
000182,128,128,256,256,128x128_to_256x256,25.207792344747894,0.6765874212451712,0.13670000043930486
000190,128,128,256,256,128x128_to_256x256,23.24968170957186,0.7017629590067873,0.1950999994733138
000227,128,128,256,256,128x128_to_256x256,23.136282570584065,0.42689569594207594,0.17219999972439837
000247,128,128,256,256,128x128_to_256x256,19.962977417130638,0.178679564923523,0.1416000013705343
000251,128,128,256,256,128x128_to_256x256,22.32557752811897,0.7691552697529793,0.15639999946870375
000261,128,128,256,256,128x128_to_256x256,25.252907847076056,0.6845504095133077,0.17139999908977188
000264,128,128,256,256,128x128_to_256x256,21.752090826750404,0.6541715957147386,0.14990000090620015
000270,128,128,256,256,128x128_to_256x256,26.273013101555023,0.7928004397735,0.16370000048482325
000275,128,128,256,256,128x128_to_256x256,21.764344606272456,0.29838763822260567,0.17280000065511558
000277,128,128,256,256,128x128_to_256x256,29.632684226727697,0.8194336864923168,0.1849999989644857
000279,128,128,256,256,128x128_to_256x256,27.63485435572988,0.7370412059158553,0.12280000009923242
000286,128,128,256,256,128x128_to_256x256,26.536759147694777,0.6177701456577168,0.13010000111535192
000287,128,128,256,256,128x128_to_256x256,27.958151572302103,0.6083449925562814,0.13919999946665484
000290,128,128,256,256,128x128_to_256x256,21.38943591182006,0.6339384970806065,0.13109999963489827
000294,128,128,256,256,128x128_to_256x256,20.863667608307527,0.27179085264626995,0.1247000000148546
000295,128,128,256,256,128x128_to_256x256,20.39416806777096,0.26515005203146585,0.1399000011588214
000301,128,128,256,256,128x128_to_256x256,26.348238202158964,0.7982109252916877,0.19289999909233302
000314,128,128,256,256,128x128_to_256x256,23.56594961008247,0.30973684410398167,0.14270000065153
000320,128,128,256,256,128x128_to_256x256,20.205828020810877,0.6125130905870334,0.15299999904527795
000323,128,128,256,256,128x128_to_256x256,24.890381698941468,0.7217683726789528,0.1447000013286015
000325,128,128,256,256,128x128_to_256x256,28.58813933369703,0.8372153811982714,0.1391000005241949
000333,128,128,256,256,128x128_to_256x256,24.298099652501715,0.7151849919820723,0.13390000094659626
000339,128,128,256,256,128x128_to_256x256,26.56278128359756,0.6254787179934951,0.12490000153775327
000349,128,128,256,256,128x128_to_256x256,22.74621086368007,0.5777773552907672,0.13190000026952475
000355,128,128,256,256,128x128_to_256x256,14.38171186190896,0.2750707031868534,0.12829999832320027
000364,128,128,256,256,128x128_to_256x256,22.032555140861856,0.468457803123137,0.17469999875174835
000366,128,128,256,256,128x128_to_256x256,27.073549401041475,0.7634045883767064,0.14999999984866008
000391,128,128,256,256,128x128_to_256x256,32.11242559674707,0.8232367047798633,0.16959999993559904
000397,128,128,256,256,128x128_to_256x256,18.885444982554255,0.16854613240619137,0.3708000003825873
000398,128,128,256,256,128x128_to_256x256,18.210252473124317,0.2047955422564074,0.1404999984515598
000401,128,128,256,256,128x128_to_256x256,21.75209770617466,0.30019118106042286,0.13639999997394625
000410,128,128,256,256,128x128_to_256x256,22.320012816351912,0.35031743790011527,0.13050000052317046
000414,128,128,256,256,128x128_to_256x256,19.405234911725636,0.552352397906654,0.15519999942625873
000423,128,128,256,256,128x128_to_256x256,20.008303368176502,0.1653554125663319,0.15720000010333024
000428,128,128,256,256,128x128_to_256x256,25.658891882897358,0.8387461627074108,0.13140000010025688
000432,128,128,256,256,128x128_to_256x256,26.75026803446503,0.7529398268999176,0.16870000035851263
000437,128,128,256,256,128x128_to_256x256,26.43418395279259,0.7311005789003174,0.1609999999345746
000438,128,128,256,256,128x128_to_256x256,26.55535824130856,0.743658410419545,0.36040000122739
000440,128,128,256,256,128x128_to_256x256,20.395621523217166,0.33763515490224694,0.14089999967836775
000442,128,128,256,256,128x128_to_256x256,21.912150042931565,0.38504053731739674,0.12760000026901253
000446,128,128,256,256,128x128_to_256x256,22.56777433861233,0.47341752978517077,0.14589999955205712
000450,128,128,256,256,128x128_to_256x256,25.830124818572347,0.6583441150419829,0.12410000090312678
000456,128,128,256,256,128x128_to_256x256,21.17458073120368,0.47949740869331303,0.12770000103046186
000458,128,128,256,256,128x128_to_256x256,22.36497517275774,0.6032014813695792,0.13480000052368268
000459,128,128,256,256,128x128_to_256x256,22.497714849244787,0.6141103968130497,0.1399000011588214
000462,128,128,256,256,128x128_to_256x256,22.31367563025646,0.3642252101759215,0.14170000031299423
000485,128,128,256,256,128x128_to_256x256,20.31137782242324,0.16488517724043486,0.14349999946716707
000490,128,128,256,256,128x128_to_256x256,22.580686413425532,0.7139072408176156,0.2585000002000015
000491,128,128,256,256,128x128_to_256x256,23.421916014076128,0.7470482585133869,0.14279999959398992
000494,128,128,256,256,128x128_to_256x256,20.81899459582096,0.2776588622981317,0.1323000014963327
000499,128,128,256,256,128x128_to_256x256,22.24936705528149,0.6060270621351758,0.13530000069295056
000503,128,128,256,256,128x128_to_256x256,21.417830224292935,0.4617152731791572,0.14430000010179356
000515,128,128,256,256,128x128_to_256x256,15.947728342979957,0.5133329001396649,0.1416000013705343
000525,128,128,256,256,128x128_to_256x256,22.935482451425365,0.31160637165214866,0.14960000044084154
000528,128,128,256,256,128x128_to_256x256,28.74620579668275,0.5765897605348299,0.14399999963643495
000533,128,128,256,256,128x128_to_256x256,20.40372812930755,0.5092654494876915,0.13450000005832408
000534,128,128,256,256,128x128_to_256x256,21.638115293584658,0.6153068269203499,0.15109999912965577
000535,128,128,256,256,128x128_to_256x256,21.712398258043358,0.6171112330858959,0.13829999988956843
000545,128,128,256,256,128x128_to_256x256,21.579786020641105,0.3994924277887984,0.13029999900027178
000555,128,128,256,256,128x128_to_256x256,24.19059892478949,0.5806568932769104,0.14250000094762072
000562,128,128,256,256,128x128_to_256x256,19.284553952234056,0.3954116765057799,0.14929999997548293
000564,128,128,256,256,128x128_to_256x256,23.095766585594273,0.30065753642876725,0.13240000043879263
000604,128,128,256,256,128x128_to_256x256,18.83616750357569,0.39675935701810383,0.13029999900027178
000633,128,128,256,256,128x128_to_256x256,23.55854972523174,0.42433873272298456,0.13439999929687474
000641,128,128,256,256,128x128_to_256x256,18.799429859628482,0.40052191335643816,0.13920000128564425
000642,128,128,256,256,128x128_to_256x256,18.85775530436808,0.426843689622654,0.14740000005986076
000661,128,128,256,256,128x128_to_256x256,22.098955276667883,0.30234209629751807,0.1388000000588363
000667,128,128,256,256,128x128_to_256x256,32.29312880525718,0.9557682564030439,0.13779999972030055
000669,128,128,256,256,128x128_to_256x256,22.252275095703943,0.4524013534443671,0.14039999950909987
000675,128,128,256,256,128x128_to_256x256,22.363877674062408,0.6464058098117786,0.36559999898599926
000687,128,128,256,256,128x128_to_256x256,21.471792057813328,0.35512778200329526,0.14589999955205712
000689,128,128,256,256,128x128_to_256x256,23.208407447172515,0.784271468111493,0.1368000012007542
000690,128,128,256,256,128x128_to_256x256,21.961241376238256,0.7189676319921298,0.13870000111637637
000706,128,128,256,256,128x128_to_256x256,19.098181915388317,0.2581368257663748,0.13609999950858764
000707,128,128,256,256,128x128_to_256x256,19.44572221942815,0.24887973555483775,0.14089999967836775
000718,128,128,256,256,128x128_to_256x256,19.66127969985194,0.747701450024467,0.12309999874560162
000721,128,128,256,256,128x128_to_256x256,25.010183550622923,0.857180364312157,0.12760000026901253
000732,128,128,256,256,128x128_to_256x256,20.09048199764464,0.5921981062112662,0.12690000039583538
000735,128,128,256,256,128x128_to_256x256,19.638889847900245,0.2993618774421063,0.13899999976274557
000746,128,128,256,256,128x128_to_256x256,20.99263454838738,0.17671893903896982,0.14100000043981709
000749,128,128,256,256,128x128_to_256x256,24.065948005767012,0.7279623770111259,0.12880000031145755
000752,128,128,256,256,128x128_to_256x256,24.85706602678527,0.3918773650693202,0.1823999991756864
000760,128,128,256,256,128x128_to_256x256,20.1503100092191,0.26247822322464304,0.13700000090466347
000764,128,128,256,256,128x128_to_256x256,19.773939057668922,0.7439741440949604,0.13220000073488336
000778,128,128,256,256,128x128_to_256x256,19.472155010510495,0.40146029573754033,0.13219999891589396
000781,128,128,256,256,128x128_to_256x256,23.035674813346596,0.42413470643085155,0.12569999853440095
000805,128,128,256,256,128x128_to_256x256,30.24649187769692,0.7959919868013193,0.12419999984558672
000807,128,128,256,256,128x128_to_256x256,25.92842839250467,0.6622407028161166,0.139899999339832
000809,128,128,256,256,128x128_to_256x256,21.63262990412354,0.23203408228277975,0.12390000119921751
000816,128,128,256,256,128x128_to_256x256,25.334875468930633,0.5428550613605715,0.2029999996011611
000820,128,128,256,256,128x128_to_256x256,20.223308742022162,0.7051784345004596,0.1422000004822621
000828,128,128,256,256,128x128_to_256x256,20.629846746387894,0.2832299637019702,0.14059999921300914
000830,128,128,256,256,128x128_to_256x256,26.89799732412385,0.4404345262131542,0.13579999904322904
000836,128,128,256,256,128x128_to_256x256,26.215912467993952,0.8048400648801327,0.12900000001536682
000838,128,128,256,256,128x128_to_256x256,27.947873934701825,0.8284837405947297,0.15419999908772297
000840,128,128,256,256,128x128_to_256x256,24.37220079699567,0.7679868440185338,0.14100000043981709
000844,128,128,256,256,128x128_to_256x256,23.1307742082674,0.5803919049851108,0.13890000082028564
000851,128,128,256,256,128x128_to_256x256,25.00413829186922,0.6309577658507768,0.15690000145696104
000861,128,128,256,256,128x128_to_256x256,20.221135464833292,0.4599286131958661,0.1371000016661128
000862,128,128,256,256,128x128_to_256x256,21.64272732341886,0.5163711369882179,0.14290000035543926
000867,128,128,256,256,128x128_to_256x256,20.015582257409523,0.3246811591505607,0.1401999998051906
000886,128,128,256,256,128x128_to_256x256,27.40352186652977,0.794364530367895,0.12480000077630393
000893,128,128,256,256,128x128_to_256x256,22.61090116190733,0.2624956406908434,0.28810000003431924
000908,128,128,256,256,128x128_to_256x256,25.30812740067301,0.7386429152854499,0.12760000026901253
000915,128,128,256,256,128x128_to_256x256,22.75978918471185,0.7703165673919916,0.1331999992544297
000926,128,128,256,256,128x128_to_256x256,26.767633564371792,0.5709521808034757,0.12309999874560162
000930,128,128,256,256,128x128_to_256x256,22.519740872525304,0.6100237853755311,0.14250000094762072
000938,128,128,256,256,128x128_to_256x256,23.04251357909013,0.28515812165331145,0.1300999992963625
000948,128,128,256,256,128x128_to_256x256,22.10122732281505,0.4064850345434345,0.13799999942420982
000949,128,128,256,256,128x128_to_256x256,29.90428047448287,0.7497158898644373,0.16519999917363748
000961,128,128,256,256,128x128_to_256x256,23.515969159504614,0.349963837558239,0.13559999933931977
000962,128,128,256,256,128x128_to_256x256,22.064875740301268,0.3291274833119809,0.14250000094762072
000966,128,128,256,256,128x128_to_256x256,26.86699967148983,0.7807629305552161,0.13140000010025688
000978,128,128,256,256,128x128_to_256x256,20.76928003086046,0.24442295243588394,0.17529999968246557
000984,128,128,256,256,128x128_to_256x256,10.232663231283329,0.26158471592041505,0.13210000179242343
000986,128,128,256,256,128x128_to_256x256,20.16424683299573,0.3764524792856091,0.12849999984609894
000987,128,128,256,256,128x128_to_256x256,23.106794648264888,0.628733144833521,0.12989999959245324
000995,128,128,256,256,128x128_to_256x256,23.693257742799368,0.3040228844759236,0.1329000006080605
000998,128,128,256,256,128x128_to_256x256,24.869968173340524,0.7252203269757072,0.13450000005832408
001007,128,128,256,256,128x128_to_256x256,25.89759580149405,0.5825875296829546,0.1384999995934777
001013,128,128,256,256,128x128_to_256x256,20.316784429641686,0.2571011316521151,0.13749999925494194
001022,128,128,256,256,128x128_to_256x256,24.63105117821896,0.702778955306933,0.13610000132757705
001023,128,128,256,256,128x128_to_256x256,25.641439236527322,0.764431479621457,0.13030000081926119
001028,128,128,256,256,128x128_to_256x256,23.659142527141285,0.6161407482847068,0.12910000077681616
001039,128,128,256,256,128x128_to_256x256,21.039637760640776,0.4568857157990404,0.14629999895987567
001041,128,128,256,256,128x128_to_256x256,19.869981150572848,0.7570042299190818,0.1429999992978992
001042,128,128,256,256,128x128_to_256x256,20.575722551896867,0.7866517174711751,0.1322999996773433
001046,128,128,256,256,128x128_to_256x256,23.23172975183971,0.4523178081255597,0.14910000027157366
001051,128,128,256,256,128x128_to_256x256,21.940197491938584,0.32083382392272886,0.1292000015382655
001056,128,128,256,256,128x128_to_256x256,21.54324622600552,0.6487356107155587,0.14379999993252568
001058,128,128,256,256,128x128_to_256x256,20.198900774081288,0.6016975593144783,0.15640000128769316
001065,128,128,256,256,128x128_to_256x256,22.77850714521388,0.2807854039077334,0.13500000022759195
001081,128,128,256,256,128x128_to_256x256,22.932133388635066,0.2872646265764206,0.14210000153980218
001089,128,128,256,256,128x128_to_256x256,22.695791055559997,0.5856021632867853,0.1401999998051906
001092,128,128,256,256,128x128_to_256x256,21.914014872781383,0.6721971206368585,0.12860000060754828
001099,128,128,256,256,128x128_to_256x256,24.84731926854581,0.7421122866712082,0.16759999925852753
001114,128,128,256,256,128x128_to_256x256,24.540159529506358,0.5859905098320567,0.16140000116138253
001117,128,128,256,256,128x128_to_256x256,21.357138254884056,0.327383787666135,0.13790000048174988
001123,128,128,256,256,128x128_to_256x256,24.071368327255946,0.7603129528058041,0.15299999904527795
001127,128,128,256,256,128x128_to_256x256,23.920077647726185,0.6321322296877829,0.13040000158071052
001137,128,128,256,256,128x128_to_256x256,23.106129663576517,0.5960027299999506,0.1388000000588363
001146,128,128,256,256,128x128_to_256x256,20.481492628352772,0.503311400319745,0.1297999988310039
001158,128,128,256,256,128x128_to_256x256,24.488109351614185,0.4400390162330249,0.1370999998471234
001161,128,128,256,256,128x128_to_256x256,22.386003151682637,0.333606851801511,0.1339999998890562
001173,128,128,256,256,128x128_to_256x256,20.599052898201936,0.27753120216254934,0.1339999998890562
001181,128,128,256,256,128x128_to_256x256,22.448231429400227,0.5863053549986366,0.13209999997343402
001182,128,128,256,256,128x128_to_256x256,23.135321945141015,0.6315596593497309,0.15549999989161734
001186,128,128,256,256,128x128_to_256x256,24.72858300066745,0.7132382309116626,0.13219999891589396
001194,128,128,256,256,128x128_to_256x256,19.358359043392987,0.1339762616911569,0.14270000065153
001199,128,128,256,256,128x128_to_256x256,26.003735173320344,0.39672970490296416,0.13799999942420982
001210,128,128,256,256,128x128_to_256x256,21.064033914965478,0.6113254816785451,0.1312000003963476
001211,128,128,256,256,128x128_to_256x256,21.466926514813466,0.6182907938205996,0.12440000136848539
001214,128,128,256,256,128x128_to_256x256,18.854251712931735,0.6156864405838974,0.13529999887396116
001219,128,128,256,256,128x128_to_256x256,26.43481783947548,0.7706190957295009,0.1336999994236976
001238,128,128,256,256,128x128_to_256x256,29.00805643611387,0.8257352944729328,0.2942000010079937
001240,128,128,256,256,128x128_to_256x256,20.986541578616702,0.3888101007397206,0.18959999943035655
001245,128,128,256,256,128x128_to_256x256,25.604530133881674,0.7386191435656538,0.15589999929943588
001252,128,128,256,256,128x128_to_256x256,24.686333048197383,0.6583915363164619,0.13389999912760686
001253,128,128,256,256,128x128_to_256x256,23.06346529630936,0.4715880166645912,0.16990000040095765
001259,128,128,256,256,128x128_to_256x256,22.403724788222878,0.17826516812796891,0.13860000035492703
001275,128,128,256,256,128x128_to_256x256,26.13922290446955,0.800023350977953,0.139899999339832
001278,128,128,256,256,128x128_to_256x256,21.4997424016404,0.5010991473723555,0.14960000044084154
001279,128,128,256,256,128x128_to_256x256,21.380519376664367,0.4934958654551146,0.12930000048072543
001281,128,128,256,256,128x128_to_256x256,21.721800234459035,0.4935553364704498,0.3540999987308169
001286,128,128,256,256,128x128_to_256x256,18.047372956326665,0.34930008690231534,0.1511999998911051
001287,128,128,256,256,128x128_to_256x256,17.81328113651801,0.333435328164743,0.13609999950858764
001294,128,128,256,256,128x128_to_256x256,28.620296971117686,0.7009165845652041,0.14290000035543926
001296,128,128,256,256,128x128_to_256x256,22.037322435371603,0.4421252637309027,0.1390999987052055
001307,128,128,256,256,128x128_to_256x256,18.536077730134878,0.3374135465287687,0.14150000060908496
001308,128,128,256,256,128x128_to_256x256,24.32414697498436,0.8606481278654486,0.1260999997612089
001315,128,128,256,256,128x128_to_256x256,18.195416960475335,0.5775543701626265,0.12790000073437113
001316,128,128,256,256,128x128_to_256x256,20.171085745231203,0.2466385666457871,0.16649999997753184
001317,128,128,256,256,128x128_to_256x256,22.793751288552752,0.423648433995784,0.15150000035646372
001324,128,128,256,256,128x128_to_256x256,20.301638472573238,0.12331036917018608,0.13829999988956843
001349,128,128,256,256,128x128_to_256x256,21.396474564286102,0.17177504487970507,0.13810000018565916
001351,128,128,256,256,128x128_to_256x256,21.45751975696652,0.17679716010130098,0.1343000003544148
001353,128,128,256,256,128x128_to_256x256,24.058449182881525,0.44875654854825925,0.139899999339832
001356,128,128,256,256,128x128_to_256x256,22.12959402047281,0.6794641311186133,0.14589999955205712
001362,128,128,256,256,128x128_to_256x256,19.932347469533937,0.28026180104218446,0.130899999930989
001363,128,128,256,256,128x128_to_256x256,21.211217589414666,0.34744924002246835,0.12830000014218967
001365,128,128,256,256,128x128_to_256x256,20.19746981898297,0.21117240597413917,0.12299999980314169
001371,128,128,256,256,128x128_to_256x256,21.144275971879757,0.625816573779132,0.1635999997233739
001377,128,128,256,256,128x128_to_256x256,21.26708990493523,0.4698366199505212,0.12369999967631884
001383,128,128,256,256,128x128_to_256x256,22.68754638372476,0.6985808109618626,0.13899999976274557
001393,128,128,256,256,128x128_to_256x256,21.444824919128646,0.3178567015628191,0.176199999259552
001394,128,128,256,256,128x128_to_256x256,22.628791009511914,0.3676488751904953,0.16219999997701962
001396,128,128,256,256,128x128_to_256x256,20.257782359077314,0.4126488052515902,0.15589999929943588
001402,128,128,256,256,128x128_to_256x256,22.867462346497483,0.32482592631700535,0.14840000039839651
001408,128,128,256,256,128x128_to_256x256,29.17473749922936,0.8486765161278252,0.13050000052317046
001409,128,128,256,256,128x128_to_256x256,29.760833760362956,0.7982696994730308,0.1511999998911051
001413,128,128,256,256,128x128_to_256x256,19.44817197703686,0.6640691214926513,0.2614999993966194
001420,128,128,256,256,128x128_to_256x256,21.682906160610138,0.5575971745294137,0.16030000006139744
001442,128,128,256,256,128x128_to_256x256,23.835831764036115,0.6419430286988477,0.12939999942318536
001465,128,128,256,256,128x128_to_256x256,23.666381995319643,0.49918810433853067,0.13410000065050554
001499,128,128,256,256,128x128_to_256x256,24.24118334604254,0.5675288885167762,0.1508999994257465
001505,128,128,256,256,128x128_to_256x256,25.03349628610415,0.6779617941306848,0.14969999938330147
001507,128,128,256,256,128x128_to_256x256,26.58361117413536,0.7057887630605809,0.14850000115984585
001508,128,128,256,256,128x128_to_256x256,19.870830953354787,0.4807240513678065,0.14339999870571773
001513,128,128,256,256,128x128_to_256x256,24.57932798087638,0.7296371174249092,0.1399000011588214
001524,128,128,256,256,128x128_to_256x256,26.8632682921696,0.8566777947372975,0.14910000027157366
001526,128,128,256,256,128x128_to_256x256,27.541979372540673,0.6411182567243882,0.13519999993150122
001527,128,128,256,256,128x128_to_256x256,26.282238040400227,0.5651993521699784,0.12989999959245324
001528,128,128,256,256,128x128_to_256x256,20.57128748137226,0.424867344733596,0.12740000056510326
001530,128,128,256,256,128x128_to_256x256,25.131695371691812,0.48211273368064406,0.13020000005781185
001532,128,128,256,256,128x128_to_256x256,24.183563909821167,0.3479282416142169,0.13729999955103267
001534,128,128,256,256,128x128_to_256x256,25.44964729185883,0.6187075243275333,0.15469999925699085
001540,128,128,256,256,128x128_to_256x256,20.295082181182952,0.287189043103974,0.21610000112559646
001544,128,128,256,256,128x128_to_256x256,23.813925304971516,0.773344448278308,0.13639999997394625
001545,128,128,256,256,128x128_to_256x256,29.489094136469486,0.8009217216889187,0.18459999955666717
001550,128,128,256,256,128x128_to_256x256,25.80717030074137,0.5752362164120339,0.12869999955000822
001552,128,128,256,256,128x128_to_256x256,20.88452719777564,0.7728073821971565,0.13519999993150122
001553,128,128,256,256,128x128_to_256x256,21.3824820298414,0.4889614496415553,0.12620000052265823
001561,128,128,256,256,128x128_to_256x256,21.813241555173363,0.6103733436687506,0.13309999849298038
001564,128,128,256,256,128x128_to_256x256,25.879521059473287,0.6731746152437728,0.13939999917056412
001572,128,128,256,256,128x128_to_256x256,19.645721767699897,0.6265752680036528,0.13330000001587905
001573,128,128,256,256,128x128_to_256x256,19.080331446775126,0.6472463127559239,0.1415999995515449
001579,128,128,256,256,128x128_to_256x256,32.01494658851787,0.7937677607041598,0.14970000120229088
001595,128,128,256,256,128x128_to_256x256,21.02264572636458,0.2651453353845038,0.14659999942523427
001602,128,128,256,256,128x128_to_256x256,22.02897313726534,0.7125064373353236,0.15279999934136868
001610,128,128,256,256,128x128_to_256x256,24.032626333580538,0.7438604489070706,0.12969999988854397
001621,128,128,256,256,128x128_to_256x256,20.806098139079076,0.3156343461500011,0.1298000006499933
001623,128,128,256,256,128x128_to_256x256,22.137728934060753,0.34703291517325385,0.12509999942267314
001626,128,128,256,256,128x128_to_256x256,21.41250852740233,0.5067249743758054,0.1250000004802132
001630,128,128,256,256,128x128_to_256x256,24.305646217178673,0.7316166548344893,0.1216000000567874
001633,128,128,256,256,128x128_to_256x256,22.19619760830019,0.3209076357560614,0.16110000069602393
001649,128,128,256,256,128x128_to_256x256,26.35941341057366,0.621199548543456,0.14179999925545417
001658,128,128,256,256,128x128_to_256x256,21.651579421485067,0.6004813774693175,0.1422000004822621
001661,128,128,256,256,128x128_to_256x256,22.618042299813705,0.5966522292139665,0.13779999972030055
001669,128,128,256,256,128x128_to_256x256,18.827327040023523,0.3541311102819422,0.13050000052317046
001672,128,128,256,256,128x128_to_256x256,26.325282686647803,0.7903328970720763,0.13749999925494194
001679,128,128,256,256,128x128_to_256x256,23.77823782687061,0.6455277112506875,0.17899999875226058
001697,128,128,256,256,128x128_to_256x256,29.00969371812021,0.6309252159323115,0.15979999989212956
001726,128,128,256,256,128x128_to_256x256,20.40023626108511,0.5455587527738128,0.12710000009974465
001732,128,128,256,256,128x128_to_256x256,25.827341512437066,0.5463871839084835,0.1953999999386724
001733,128,128,256,256,128x128_to_256x256,26.619129410907604,0.6604730452261446,0.1305999994656304
001735,128,128,256,256,128x128_to_256x256,29.545785479554567,0.7474103933910634,0.12559999959194101
001737,128,128,256,256,128x128_to_256x256,24.728437589559977,0.7309120188282752,0.13160000162315555
001742,128,128,256,256,128x128_to_256x256,25.055294191616582,0.7531998786631205,0.14490000103251077
001746,128,128,256,256,128x128_to_256x256,18.138286709882998,0.2946733135581939,0.13490000128513202
001775,128,128,256,256,128x128_to_256x256,24.533003797409453,0.6552677947102385,0.14010000086273067
001786,128,128,256,256,128x128_to_256x256,21.668112044334254,0.5817659217017184,0.12770000103046186
001793,128,128,256,256,128x128_to_256x256,18.689912274842275,0.33937796286938776,0.12620000052265823
001802,128,128,256,256,128x128_to_256x256,25.77706403035841,0.5185840592221699,0.1432999997632578
001809,128,128,256,256,128x128_to_256x256,32.37415789062324,0.8814753023233711,0.14990000090620015
001810,128,128,256,256,128x128_to_256x256,31.79761617136906,0.8830143936062883,0.16909999976633117
001815,128,128,256,256,128x128_to_256x256,21.03615275109048,0.6470175290712721,0.14040000132808927
001824,128,128,256,256,128x128_to_256x256,23.85069174275734,0.6768449817916246,0.13140000010025688
001836,128,128,256,256,128x128_to_256x256,21.83815846978396,0.6547451705219755,0.13579999904322904
001842,128,128,256,256,128x128_to_256x256,25.34336939221062,0.665379631947353,0.12799999967683107
001856,128,128,256,256,128x128_to_256x256,29.279284735662646,0.673968315353456,0.12849999984609894
001861,128,128,256,256,128x128_to_256x256,21.81963154530337,0.2680558188556871,0.13020000005781185
001880,128,128,256,256,128x128_to_256x256,21.626945957503622,0.5497163149019269,0.14069999997445848
001885,128,128,256,256,128x128_to_256x256,19.183107536010194,0.10635657816616678,0.13800000124319922
001896,128,128,256,256,128x128_to_256x256,21.886057182274932,0.5638598914053167,0.12170000081823673
001900,128,128,256,256,128x128_to_256x256,26.404652881909797,0.7237182083729092,0.1320000010309741
001901,128,128,256,256,128x128_to_256x256,27.020569685440098,0.7766479121324106,0.13810000018565916
001911,128,128,256,256,128x128_to_256x256,27.97027099512028,0.7451856138740182,0.13630000103148632
001915,128,128,256,256,128x128_to_256x256,23.769284259677626,0.6652281711887233,0.1236000007338589
001941,128,128,256,256,128x128_to_256x256,22.542721861185914,0.7127713399242004,0.13419999959296547
001949,128,128,256,256,128x128_to_256x256,24.598439547720673,0.812449881842752,0.1269999993382953
001951,128,128,256,256,128x128_to_256x256,24.730011559083096,0.8251136527175051,0.12400000014167745
001954,128,128,256,256,128x128_to_256x256,34.77784694672745,0.9224940309319496,0.13170000056561548
001956,128,128,256,256,128x128_to_256x256,19.75153266385954,0.5118620212336739,0.15270000039890874
001967,128,128,256,256,128x128_to_256x256,22.1538603048015,0.5796286080869314,0.14320000082079787
001969,128,128,256,256,128x128_to_256x256,22.047707958607788,0.29495422313478775,0.12990000141144264
001970,128,128,256,256,128x128_to_256x256,20.259483034150136,0.20511142323960713,0.13589999980467837
001987,128,128,256,256,128x128_to_256x256,20.783346211577577,0.23918007142731304,0.14179999925545417
001992,128,128,256,256,128x128_to_256x256,20.084460396838946,0.1193745076246371,0.14270000065153
001994,128,128,256,256,128x128_to_256x256,22.251770942763404,0.6328596692134174,0.13279999984661117
002001,128,128,256,256,128x128_to_256x256,22.900877424422287,0.34126176359818183,0.134599999000784
002011,128,128,256,256,128x128_to_256x256,21.54769251667616,0.29739761820140875,0.13630000103148632
002015,128,128,256,256,128x128_to_256x256,26.986304262516537,0.777641449694585,0.12689999857684597
002035,128,128,256,256,128x128_to_256x256,24.98679342174129,0.6726855336085297,0.12880000031145755
002042,128,128,256,256,128x128_to_256x256,17.0183917327028,0.5333279750394363,0.13100000069243833
002044,128,128,256,256,128x128_to_256x256,20.200306411127592,0.3822003043783454,0.12109999988751952
002061,128,128,256,256,128x128_to_256x256,22.109407370374143,0.37583673985487875,0.12120000064896885
002064,128,128,256,256,128x128_to_256x256,22.69699486511378,0.32396504160916667,0.13899999976274557
002067,128,128,256,256,128x128_to_256x256,20.719228649367523,0.6279226990600222,0.14310000005934853
002080,128,128,256,256,128x128_to_256x256,20.84206786267908,0.6321170649963135,0.2105999992636498
002082,128,128,256,256,128x128_to_256x256,19.790319040660812,0.13850236007051991,0.13930000022810418
002085,128,128,256,256,128x128_to_256x256,21.79458165024194,0.4185239415652314,0.1339999998890562
002087,128,128,256,256,128x128_to_256x256,23.160861497009307,0.5220699635197041,0.13790000048174988
002097,128,128,256,256,128x128_to_256x256,21.443810351590677,0.28102626535629055,0.12690000039583538
002106,128,128,256,256,128x128_to_256x256,20.308802155497958,0.17824186832081212,0.11970000014116522
002111,128,128,256,256,128x128_to_256x256,25.197030019047155,0.7718437521391469,0.1565000002301531
002121,128,128,256,256,128x128_to_256x256,22.658606286553514,0.5430608013958428,0.14199999895936344
002132,128,128,256,256,128x128_to_256x256,24.008903754066132,0.7196282688156879,0.1370999998471234
002147,128,128,256,256,128x128_to_256x256,20.340038576279934,0.5891167512245867,0.13240000043879263
002150,128,128,256,256,128x128_to_256x256,27.239067474705244,0.7803731978027723,0.14989999908721074
002153,128,128,256,256,128x128_to_256x256,21.49971444782956,0.2864305422565364,0.17780000052880496
002154,128,128,256,256,128x128_to_256x256,21.200462389662004,0.2669937704401689,0.1441000003978843
002156,128,128,256,256,128x128_to_256x256,21.597987856466332,0.6320999529514765,0.19810000048892107
002157,128,128,256,256,128x128_to_256x256,23.751534646855017,0.5475956702385889,0.12310000056459103
002165,128,128,256,256,128x128_to_256x256,20.818806449425278,0.25750908714589665,0.14849999934085645
002170,128,128,256,256,128x128_to_256x256,24.863903591386155,0.7207280700308606,0.1864000005298294
002187,128,128,256,256,128x128_to_256x256,22.345227053405083,0.4634750279479696,0.14449999980570283
002189,128,128,256,256,128x128_to_256x256,19.633607287357705,0.3913989936455383,0.1525999996374594
002213,128,128,256,256,128x128_to_256x256,33.0712861354351,0.8261997482981682,0.18850000014936086
002215,128,128,256,256,128x128_to_256x256,32.331364838786214,0.8161587882471084,0.13899999976274557
002218,128,128,256,256,128x128_to_256x256,35.592894785997046,0.8904490937741995,0.13629999921249691
002225,128,128,256,256,128x128_to_256x256,39.359147114008,0.9259144379410744,0.1480999999330379
002226,128,128,256,256,128x128_to_256x256,39.24559837656841,0.9307845813865662,0.14939999891794287
002229,128,128,256,256,128x128_to_256x256,21.145418043295734,0.2493279703490695,0.14689999989059288
002237,128,128,256,256,128x128_to_256x256,21.840471843286863,0.6890665961604403,0.19720000091183465
002239,128,128,256,256,128x128_to_256x256,21.16308898733061,0.7380698040576629,0.1723000004858477
002248,128,128,256,256,128x128_to_256x256,20.745037169679684,0.7486097280685324,0.1843999998527579
002253,128,128,256,256,128x128_to_256x256,21.097832261439358,0.4053715500330692,0.13699999908567406
002255,128,128,256,256,128x128_to_256x256,20.17255699317921,0.3678552647241568,0.18139999883715063
002258,128,128,256,256,128x128_to_256x256,20.012404615457346,0.8236841197945625,0.15079999866429716
002260,128,128,256,256,128x128_to_256x256,19.466719164133842,0.6273092219531199,0.1396000006934628
002263,128,128,256,256,128x128_to_256x256,22.668549298579975,0.3346098793489608,0.4017000010207994
002275,128,128,256,256,128x128_to_256x256,34.62223755786097,0.9233736917876042,0.14560000090568792
002290,128,128,256,256,128x128_to_256x256,23.190034993452677,0.6229039225234927,0.155399999130168
002294,128,128,256,256,128x128_to_256x256,23.304055679619577,0.7262205227272082,0.13760000001639128
002297,128,128,256,256,128x128_to_256x256,25.70143925221832,0.6442336576968283,0.13949999993201345
002299,128,128,256,256,128x128_to_256x256,23.980401997520243,0.5624220572668798,0.13659999967785552
002305,128,128,256,256,128x128_to_256x256,21.01714251526896,0.2937411046899876,0.14029999874765053
002314,128,128,256,256,128x128_to_256x256,24.13760391020858,0.734751797991564,0.15150000035646372
002318,128,128,256,256,128x128_to_256x256,18.135551479131667,0.6210128171081323,0.13959999887447339
002328,128,128,256,256,128x128_to_256x256,20.406864092772366,0.4637403942971262,0.14489999921352137
002335,128,128,256,256,128x128_to_256x256,28.543480703517524,0.5158710334335621,0.1491999992140336
002344,128,128,256,256,128x128_to_256x256,27.08731426838435,0.8354612457806452,0.1905999997688923
002348,128,128,256,256,128x128_to_256x256,23.04981148664357,0.5977841129922244,0.14120000014372636
002356,128,128,256,256,128x128_to_256x256,28.562644908088046,0.8502605899516154,0.13719999878958333
002359,128,128,256,256,128x128_to_256x256,39.4213575514165,0.9574201801085472,0.13810000018565916
002361,128,128,256,256,128x128_to_256x256,22.877673573340797,0.7340439893644275,0.13729999955103267
002364,128,128,256,256,128x128_to_256x256,24.106931812743642,0.6289345552463997,0.14879999980621506
002365,128,128,256,256,128x128_to_256x256,26.111681133399713,0.7500639730865536,0.1548000000184402
002377,128,128,256,256,128x128_to_256x256,20.89927155218242,0.42649172490447484,0.18959999943035655
002383,128,128,256,256,128x128_to_256x256,23.05258422808329,0.38082359354376477,0.1405000002705492
002396,128,128,256,256,128x128_to_256x256,23.69262277135882,0.6966600190320927,0.128400000903639
002406,128,128,256,256,128x128_to_256x256,19.633127948427752,0.1968975805111458,0.1376999989588512
002407,128,128,256,256,128x128_to_256x256,22.001811895653745,0.3336756112233396,0.1407999989169184
002410,128,128,256,256,128x128_to_256x256,21.18112022930383,0.6885807591742054,0.16529999993508682
002420,128,128,256,256,128x128_to_256x256,23.721596791283766,0.3239851224002633,0.18760000057227444
002423,128,128,256,256,128x128_to_256x256,23.853657004690838,0.48550294811051214,0.20349999977042899
002424,128,128,256,256,128x128_to_256x256,26.227574546669906,0.5743681965260226,0.15280000116035808
002431,128,128,256,256,128x128_to_256x256,19.630802200587972,0.3400733934007639,0.15469999925699085
002440,128,128,256,256,128x128_to_256x256,21.644450907861472,0.32324089533897,0.146399999721325
002452,128,128,256,256,128x128_to_256x256,26.338786856484973,0.6224968884775257,0.21969999943394214
002455,128,128,256,256,128x128_to_256x256,23.86033755008348,0.7299562332375658,0.13659999967785552
002459,128,128,256,256,128x128_to_256x256,22.967155197583576,0.7977923265938163,0.1525999996374594
002464,128,128,256,256,128x128_to_256x256,22.99445587497482,0.3117396977160258,0.14790000022912864
002471,128,128,256,256,128x128_to_256x256,20.509461244282065,0.2071727906928719,0.17320000006293412
002476,128,128,256,256,128x128_to_256x256,22.29643513370553,0.4310641539694129,0.14449999980570283
002480,128,128,256,256,128x128_to_256x256,20.92818626097238,0.41624270958588766,0.13469999976223335
002491,128,128,256,256,128x128_to_256x256,21.16594808057957,0.25630715812397353,0.1426999988325406
002497,128,128,256,256,128x128_to_256x256,21.796821731368826,0.3438857034679777,0.13860000035492703
002499,128,128,256,256,128x128_to_256x256,22.722644859368767,0.38435424404491497,0.1315000008617062
002500,128,128,256,256,128x128_to_256x256,25.204126762301726,0.7738873018476181,0.1472000003559515
002508,128,128,256,256,128x128_to_256x256,22.54818905883278,0.5221450869544431,0.1277999999729218
002513,128,128,256,256,128x128_to_256x256,28.573848336220337,0.8814734005584233,0.16619999951217324
002514,128,128,256,256,128x128_to_256x256,27.906811475893857,0.8482585774098821,0.13109999963489827
002529,128,128,256,256,128x128_to_256x256,23.869336965639434,0.5279275639033166,0.13860000035492703
002535,128,128,256,256,128x128_to_256x256,17.322726042186137,0.509246286295495,0.13579999904322904
002545,128,128,256,256,128x128_to_256x256,21.304658068139844,0.49599984045541773,0.13010000111535192
002548,128,128,256,256,128x128_to_256x256,21.75524282443218,0.6198447900048881,0.1221999991685152
002555,128,128,256,256,128x128_to_256x256,23.78932663600112,0.4666768037507622,0.13469999976223335
002567,128,128,256,256,128x128_to_256x256,21.987068539216953,0.4365876315848145,0.13869999929738697
002570,128,128,256,256,128x128_to_256x256,21.24478696442987,0.3000334448509987,0.13439999929687474
002571,128,128,256,256,128x128_to_256x256,22.57221613423267,0.3563251713025746,0.14399999963643495
002572,128,128,256,256,128x128_to_256x256,23.997624129785518,0.6151146679665004,0.14279999959398992
002591,128,128,256,256,128x128_to_256x256,23.98312144096646,0.7996411117004133,0.1269999993382953
002607,128,128,256,256,128x128_to_256x256,19.640804294910406,0.21256641701476367,0.1381999991281191
002608,128,128,256,256,128x128_to_256x256,20.16713337652427,0.14991947353960364,0.12419999984558672
002609,128,128,256,256,128x128_to_256x256,29.220128605624435,0.8702112624471188,0.15050000001792796
002614,128,128,256,256,128x128_to_256x256,22.87826808730362,0.4734105171462585,0.130899999930989
002616,128,128,256,256,128x128_to_256x256,20.57049891498524,0.602316796358294,0.1281000004382804
002622,128,128,256,256,128x128_to_256x256,24.489333711512955,0.4375791620858656,0.15449999955308158
002623,128,128,256,256,128x128_to_256x256,23.73498632501458,0.4006451357404776,0.1478000012866687
002632,128,128,256,256,128x128_to_256x256,21.884617949934956,0.5714615512363032,0.1264000002265675
002635,128,128,256,256,128x128_to_256x256,19.446916028350117,0.34173807781026044,0.13799999942420982
002642,128,128,256,256,128x128_to_256x256,19.75292004446171,0.5700949507944078,0.13639999997394625
002645,128,128,256,256,128x128_to_256x256,21.671756631672835,0.2397048781232181,0.13330000001587905
002648,128,128,256,256,128x128_to_256x256,24.156787928765823,0.5813509923671676,0.15700000039942097
002659,128,128,256,256,128x128_to_256x256,27.90331117285056,0.6727788091822844,0.1460999992559664
002665,128,128,256,256,128x128_to_256x256,24.052642589069624,0.6960276612341537,0.1384999995934777
002669,128,128,256,256,128x128_to_256x256,19.835030905641876,0.4317706571873695,0.14620000001741573
002670,128,128,256,256,128x128_to_256x256,19.421524943904902,0.37117405285953997,0.1461000010749558
002676,128,128,256,256,128x128_to_256x256,21.366824260322712,0.28417936594273213,0.13579999904322904
002685,128,128,256,256,128x128_to_256x256,20.133851250586254,0.17676737419407043,0.16220000179600902
002686,128,128,256,256,128x128_to_256x256,20.92060880293195,0.19312888302484152,0.15979999989212956
002702,128,128,256,256,128x128_to_256x256,28.472828969609623,0.5862376743903086,0.13839999883202836
002706,128,128,256,256,128x128_to_256x256,21.88320878685632,0.7831447437088191,0.18209999871032778
002709,128,128,256,256,128x128_to_256x256,21.887940660432417,0.40768802751410554,0.1306000012846198
002713,128,128,256,256,128x128_to_256x256,18.869865489760315,0.3525271343416666,0.15109999912965577
002715,128,128,256,256,128x128_to_256x256,18.917007288197226,0.35175591001011036,0.12989999959245324
002717,128,128,256,256,128x128_to_256x256,25.90185188212148,0.7838371842918181,0.1357000001007691
002720,128,128,256,256,128x128_to_256x256,20.486496726461052,0.7140855265516427,0.13749999925494194
002743,128,128,256,256,128x128_to_256x256,18.403141079987144,0.5797781659358645,0.13220000073488336
002750,128,128,256,256,128x128_to_256x256,25.17344546494655,0.6912710822007656,0.12509999942267314
002757,128,128,256,256,128x128_to_256x256,20.801472459039378,0.4049433174538433,0.14319999900180846
002769,128,128,256,256,128x128_to_256x256,20.6818517931462,0.36561801957365886,0.13159999980416615
002775,128,128,256,256,128x128_to_256x256,23.878055528683248,0.6717674254595826,0.13419999959296547
002778,128,128,256,256,128x128_to_256x256,21.515740210502827,0.7255643671671745,0.13450000005832408
002781,128,128,256,256,128x128_to_256x256,22.980446630922767,0.7674437070007771,0.12559999959194101
002782,128,128,256,256,128x128_to_256x256,23.28207436775562,0.7783555095133782,0.12099999912607018
002798,128,128,256,256,128x128_to_256x256,22.340094288243804,0.28978781954873145,0.12960000094608404
002804,128,128,256,256,128x128_to_256x256,24.81349287907456,0.6752599571693242,0.2334000000701053
002811,128,128,256,256,128x128_to_256x256,27.90449821785367,0.6310958777939155,0.12550000064948108
002817,128,128,256,256,128x128_to_256x256,26.56399745329263,0.6166940450003708,0.1426999988325406
002827,128,128,256,256,128x128_to_256x256,19.99270468869438,0.3935695879445481,0.27770000087912194
002828,128,128,256,256,128x128_to_256x256,26.196844627617573,0.49759689608004687,0.16789999972388614
002836,128,128,256,256,128x128_to_256x256,26.333949337056232,0.6713312601976817,0.19100000099570025
002838,128,128,256,256,128x128_to_256x256,22.219021858476573,0.28776265972046006,0.1339999998890562
002839,128,128,256,256,128x128_to_256x256,21.3392862072059,0.2592777567061278,0.5633000000671018
002845,128,128,256,256,128x128_to_256x256,26.346984346318656,0.7461632135471701,0.5333000008249655
002846,128,128,256,256,128x128_to_256x256,25.983031044805966,0.7122998634645624,0.568800000110059
002847,128,128,256,256,128x128_to_256x256,27.471480305986795,0.7461760487046503,0.5524000007426366
002857,128,128,256,256,128x128_to_256x256,24.62850111101044,0.39917219869208675,0.4552000009425683
002859,128,128,256,256,128x128_to_256x256,24.39261056479245,0.3875543235449033,0.19429999883868732
002863,128,128,256,256,128x128_to_256x256,22.726150016969072,0.7136323463935084,0.1480999999330379
002864,128,128,256,256,128x128_to_256x256,25.03802209068608,0.6586420539628798,0.40439999975205865
002865,128,128,256,256,128x128_to_256x256,27.5647081849605,0.7593827258464209,0.14820000069448724
002869,128,128,256,256,128x128_to_256x256,23.18232079895218,0.38232235604947606,0.12249999963387381
002882,128,128,256,256,128x128_to_256x256,23.36086200193173,0.5874539938901179,0.1367999993817648
002894,128,128,256,256,128x128_to_256x256,22.60938038167708,0.3438721150214053,0.1453000004403293
002900,128,128,256,256,128x128_to_256x256,22.45389667248591,0.7533336307959995,0.13279999984661117
002921,128,128,256,256,128x128_to_256x256,23.552145313424045,0.4423037217199972,0.12390000119921751
002925,128,128,256,256,128x128_to_256x256,19.900590086768542,0.21897437247824128,0.13899999976274557
002926,128,128,256,256,128x128_to_256x256,18.558891538308043,0.1984816549227365,0.1322999996773433
002930,128,128,256,256,128x128_to_256x256,19.57538383553858,0.4390936756013178,0.13420000141195487
002936,128,128,256,256,128x128_to_256x256,26.20612726605232,0.6829551948021356,0.13179999950807542
002942,128,128,256,256,128x128_to_256x256,22.73824125519028,0.4892177701435487,0.143599998409627
002943,128,128,256,256,128x128_to_256x256,22.402382809443,0.45538522902356365,0.1421999986632727
002958,128,128,256,256,128x128_to_256x256,23.721815683624506,0.6071793718463285,0.1391000005241949
002967,128,128,256,256,128x128_to_256x256,25.36202251408167,0.7569128585536573,0.12789999891538173
002983,128,128,256,256,128x128_to_256x256,10.309169031169203,0.269368856994811,0.1339999998890562
002998,128,128,256,256,128x128_to_256x256,22.412521280145462,0.2955810250166452,0.13779999972030055
002999,128,128,256,256,128x128_to_256x256,24.23981761416166,0.37046219141063,0.12340000102994964
003007,128,128,256,256,128x128_to_256x256,22.872034396992436,0.756275083262855,0.11939999967580661
003010,128,128,256,256,128x128_to_256x256,23.632323005364935,0.5103403298906751,0.14069999997445848
003021,128,128,256,256,128x128_to_256x256,23.740066083787607,0.8144038615943953,0.1295000001846347
003027,128,128,256,256,128x128_to_256x256,21.61155801726148,0.2963345392361566,0.14200000077835284
003043,128,128,256,256,128x128_to_256x256,24.87148132101536,0.8295749571766285,0.14679999912914354
003047,128,128,256,256,128x128_to_256x256,21.452053808051097,0.20142291181397545,0.13829999988956843
003063,128,128,256,256,128x128_to_256x256,23.026459709746664,0.5577110455774087,0.13579999904322904
003065,128,128,256,256,128x128_to_256x256,25.25333107441057,0.7002078688666961,0.12340000102994964
003068,128,128,256,256,128x128_to_256x256,21.09926972309808,0.36737573540868773,0.12280000009923242
003072,128,128,256,256,128x128_to_256x256,23.32337765145565,0.6130689020984098,0.12960000094608404
003073,128,128,256,256,128x128_to_256x256,26.08454169719519,0.41333788103235514,0.17149999985122122
003076,128,128,256,256,128x128_to_256x256,22.91478337202411,0.6999716711718545,0.15410000014526304
003080,128,128,256,256,128x128_to_256x256,23.42877033666472,0.5140253305400382,0.14419999934034422
003081,128,128,256,256,128x128_to_256x256,23.037481701130215,0.45308820384284193,0.1419000000169035
003082,128,128,256,256,128x128_to_256x256,22.332202674648045,0.42488369386164254,0.17160000061267056
003095,128,128,256,256,128x128_to_256x256,20.489492186708507,0.4857316854792556,0.15019999955256935
003099,128,128,256,256,128x128_to_256x256,22.499891577467807,0.6047930604893831,0.12939999942318536
003109,128,128,256,256,128x128_to_256x256,21.622960340833714,0.3954430202248605,0.14559999908669852
003110,128,128,256,256,128x128_to_256x256,20.76630469483163,0.354440589586407,0.13660000149684492
003129,128,128,256,256,128x128_to_256x256,20.698962563147756,0.17601326460881014,0.1537000007374445
003136,128,128,256,256,128x128_to_256x256,22.20268240534107,0.6707705209638928,0.19419999989622738
003160,128,128,256,256,128x128_to_256x256,21.38963691555128,0.45302816915004107,0.1381999991281191
003163,128,128,256,256,128x128_to_256x256,20.40794639395413,0.43309953486806857,0.13899999976274557
003166,128,128,256,256,128x128_to_256x256,21.604448729185926,0.5683897821897405,0.15220000022964086
003169,128,128,256,256,128x128_to_256x256,28.683253843168487,0.7299900162235368,0.146399999721325
003177,128,128,256,256,128x128_to_256x256,20.899693146931767,0.6546728390228757,0.12069999866071157
003186,128,128,256,256,128x128_to_256x256,24.308053345085547,0.8241784746501446,0.14659999942523427
003193,128,128,256,256,128x128_to_256x256,23.446591347545848,0.672016978194911,0.13790000048174988
